loan_amount,repaid,rate,loan_type_cash,loan_type_credit,loan_type_home,loan_type_other,loan_duration_days,loan_rate_interaction
13672,0,2.15,False,False,True,False,613,29394.8
9794,0,1.25,False,True,False,False,635,12242.5
12734,1,0.68,False,False,True,False,519,8659.12
12518,1,1.24,True,False,False,False,879,15522.32
14049,1,3.13,False,True,False,False,684,43973.369999999995
6935,0,1.94,False,False,True,False,801,13453.9
6177,1,9.48,True,False,False,False,776,58557.96
12656,0,4.14,False,False,True,False,507,52395.84
11062,1,5.48,False,False,True,False,548,60619.76
4050,1,4.26,False,False,False,True,622,17253.0
1618,0,6.49,False,False,False,True,969,10500.82
8406,0,0.5,False,False,True,False,598,4203.0
9057,1,0.86,True,False,False,False,622,7789.0199999999995
3524,0,5.98,False,True,False,False,708,21073.52
10853,0,2.82,False,False,False,True,618,30605.46
7339,1,1.29,False,True,False,False,706,9467.31
11953,1,3.3,False,True,False,False,669,39444.9
10067,1,3.12,False,False,False,True,921,31409.04
12009,0,0.79,False,True,False,False,923,9487.11
559,1,4.15,False,True,False,False,649,2319.8500000000004
13010,1,1.94,False,False,False,True,625,25239.399999999998
3851,1,0.81,True,False,False,False,986,3119.3100000000004
8419,1,0.83,False,False,False,True,985,6987.7699999999995
11799,0,6.52,False,False,True,False,928,76929.48
10422,1,0.05,True,False,False,False,679,521.1
14971,1,0.15,False,False,True,False,873,2245.65
4131,0,4.07,False,False,False,True,501,16813.170000000002
4458,1,3.6,False,True,False,False,577,16048.800000000001
8172,1,1.41,False,False,False,True,969,11522.519999999999
14946,1,5.97,True,False,False,False,628,89227.62
13618,1,2.63,False,False,True,False,548,35815.34
7061,1,4.23,False,False,True,False,654,29868.030000000002
9580,0,1.64,False,False,False,True,595,15711.199999999999
11434,0,3.28,False,False,False,True,977,37503.52
10982,0,5.44,False,True,False,False,612,59742.08
11597,0,4.38,False,True,False,False,665,50794.86
14074,1,1.22,False,False,False,True,572,17170.28
10519,1,1.14,False,False,True,False,889,11991.66
14388,1,3.92,True,False,False,False,651,56400.96
8354,1,0.45,False,False,True,False,512,3759.3
3812,0,1.01,False,False,True,False,853,3850.12
2947,1,10.49,False,True,False,False,857,30914.03
3332,0,0.88,False,False,False,True,723,2932.16
3952,0,0.36,True,False,False,False,605,1422.72
14290,0,3.76,False,False,True,False,910,53730.399999999994
12581,1,1.94,True,False,False,False,617,24407.14
10967,1,2.52,False,False,False,True,852,27636.84
8624,1,1.18,False,True,False,False,757,10176.32
14399,1,1.21,False,False,True,False,890,17422.79
4922,1,5.79,False,False,False,True,607,28498.38
6903,0,0.9,True,False,False,False,935,6212.7
4491,1,2.82,False,False,False,True,793,12664.619999999999
9766,0,9.08,False,False,True,False,584,88675.28
9302,0,1.7,False,True,False,False,585,15813.4
921,1,2.58,False,False,True,False,966,2376.1800000000003
11154,1,6.48,False,False,True,False,652,72277.92
12934,0,1.5,False,False,True,False,719,19401.0
11016,1,1.07,True,False,False,False,819,11787.12
10773,0,6.51,False,False,True,False,698,70132.23
811,0,0.43,False,True,False,False,885,348.73
3022,0,8.39,False,False,True,False,543,25354.58
9282,1,3.16,False,True,False,False,804,29331.120000000003
14007,1,3.95,True,False,False,False,526,55327.65
5943,0,6.86,True,False,False,False,747,40768.98
3834,0,1.38,False,False,False,True,662,5290.919999999999
7020,0,4.47,False,False,False,True,887,31379.399999999998
9216,1,3.2,False,True,False,False,881,29491.2
6985,1,0.57,True,False,False,False,614,3981.45
14081,0,3.05,False,False,True,False,914,42947.049999999996
8643,0,1.29,False,False,False,True,878,11149.470000000001
12325,1,6.13,False,False,False,True,858,75552.25
11679,0,2.34,False,False,False,True,834,27328.859999999997
2628,1,3.14,True,False,False,False,657,8251.92
11761,1,0.89,False,False,True,False,607,10467.29
6512,1,9.26,False,False,False,True,551,60301.119999999995
8320,0,5.51,True,False,False,False,996,45843.2
1607,0,2.23,False,False,True,False,793,3583.61
5362,0,2.48,False,True,False,False,501,13297.76
2569,1,0.87,False,True,False,False,733,2235.03
9221,1,0.88,False,True,False,False,574,8114.4800000000005
12048,0,0.33,False,False,False,True,838,3975.84
11403,0,5.47,False,True,False,False,604,62374.409999999996
2477,1,1.82,False,False,False,True,633,4508.14
2203,0,7.4,False,False,True,False,555,16302.2
10422,0,9.44,False,False,False,True,735,98383.68
5200,1,5.72,False,True,False,False,862,29744.0
9942,1,2.39,False,False,False,True,575,23761.38
8267,0,3.18,False,True,False,False,658,26289.06
13913,0,0.57,True,False,False,False,872,7930.409999999999
1212,1,1.68,True,False,False,False,958,2036.1599999999999
4025,1,0.85,False,False,True,False,839,3421.25
2735,0,1.37,False,True,False,False,583,3746.9500000000003
12623,1,4.09,True,False,False,False,860,51628.07
9905,1,0.9,False,True,False,False,827,8914.5
5265,0,4.37,False,False,True,False,636,23008.05
10636,0,4.59,False,True,False,False,876,48819.24
11467,1,4.56,False,False,False,True,805,52289.52
5467,0,1.58,True,False,False,False,586,8637.86
13698,0,3.21,False,False,True,False,994,43970.58
6371,0,6.02,False,True,False,False,768,38353.42
13006,1,5.0,False,False,True,False,650,65030.0
9600,0,0.25,True,False,False,False,964,2400.0
4108,0,8.34,True,False,False,False,756,34260.72
11647,1,9.91,True,False,False,False,880,115421.77
14575,1,0.7,False,False,False,True,805,10202.5
12596,0,0.6,False,False,True,False,619,7557.599999999999
2274,1,1.0,False,False,True,False,734,2274.0
6484,1,1.14,False,False,False,True,662,7391.759999999999
1918,0,3.05,True,False,False,False,602,5849.9
2865,0,3.57,False,False,True,False,711,10228.05
4463,0,2.44,False,True,False,False,635,10889.72
3351,0,0.65,True,False,False,False,634,2178.15
10436,0,1.34,False,True,False,False,626,13984.240000000002
3875,1,4.25,False,False,True,False,854,16468.75
2778,1,2.23,False,True,False,False,889,6194.94
13115,0,4.95,False,True,False,False,766,64919.25
10333,0,0.19,False,False,False,True,821,1963.27
904,0,1.62,False,True,False,False,510,1464.48
12991,1,3.98,True,False,False,False,747,51704.18
7162,1,8.6,False,True,False,False,695,61593.2
9562,1,4.45,False,True,False,False,545,42550.9
3576,1,2.87,False,False,False,True,723,10263.12
11846,0,2.78,False,False,False,True,781,32931.88
3540,0,9.1,False,False,True,False,803,32214.0
9141,0,2.06,False,True,False,False,553,18830.46
2830,1,0.32,False,False,True,False,649,905.6
11911,0,4.2,False,True,False,False,736,50026.200000000004
5325,1,2.83,False,False,False,True,942,15069.75
5036,0,2.7,False,False,True,False,546,13597.2
10671,1,3.74,True,False,False,False,914,39909.54
2418,1,0.97,False,False,False,True,943,2345.46
14522,0,3.74,False,True,False,False,738,54312.280000000006
851,1,0.66,False,False,True,False,608,561.6600000000001
5804,0,4.14,False,False,False,True,726,24028.559999999998
1710,1,0.31,False,False,False,True,695,530.1
3754,1,3.31,False,False,True,False,597,12425.74
1234,0,4.58,False,False,False,True,727,5651.72
7499,1,2.72,False,True,False,False,886,20397.280000000002
14802,1,2.64,True,False,False,False,950,39077.28
773,1,7.63,False,False,False,True,575,5897.99
9175,1,5.36,False,False,True,False,750,49178.0
13194,1,4.3,False,False,True,False,673,56734.2
1543,0,2.99,False,False,True,False,741,4613.570000000001
10017,0,1.89,True,False,False,False,752,18932.129999999997
8576,1,5.96,False,True,False,False,633,51112.96
5204,1,2.66,True,False,False,False,659,13842.640000000001
6263,1,0.66,False,False,True,False,844,4133.58
3703,0,7.13,True,False,False,False,772,26402.39
2932,1,3.6,False,False,False,True,787,10555.2
6048,1,2.84,False,False,False,True,776,17176.32
10947,0,0.67,False,False,True,False,858,7334.490000000001
4489,0,2.27,False,True,False,False,859,10190.03
11854,0,5.76,False,False,False,True,739,68279.04
12888,1,1.16,False,False,False,True,693,14950.079999999998
2568,1,1.76,True,False,False,False,893,4519.68
6336,1,4.99,False,True,False,False,538,31616.640000000003
6462,1,1.0,False,True,False,False,806,6462.0
10080,0,5.89,False,False,True,False,685,59371.2
5732,0,1.75,False,True,False,False,515,10031.0
11873,1,3.31,True,False,False,False,977,39299.63
14767,0,1.58,False,False,False,True,656,23331.86
13309,0,2.66,True,False,False,False,896,35401.94
11356,0,0.9,False,False,True,False,765,10220.4
5236,1,0.86,False,False,True,False,559,4502.96
3743,0,7.5,False,False,True,False,742,28072.5
6352,0,1.93,False,True,False,False,814,12259.359999999999
9389,0,1.4,False,False,True,False,781,13144.599999999999
667,0,5.11,False,False,True,False,795,3408.3700000000003
3852,0,2.1,False,False,True,False,732,8089.200000000001
1887,1,2.76,False,False,False,True,749,5208.12
7738,0,4.29,False,False,True,False,880,33196.02
7567,0,4.66,False,True,False,False,507,35262.22
6513,1,8.44,False,False,True,False,536,54969.719999999994
5250,1,5.51,False,True,False,False,754,28927.5
10800,1,2.21,False,False,True,False,769,23868.0
4953,1,0.16,False,False,False,True,649,792.48
3872,1,0.57,True,False,False,False,670,2207.04
809,0,7.11,True,False,False,False,814,5751.990000000001
12216,0,5.85,False,True,False,False,810,71463.59999999999
7237,0,6.0,False,False,False,True,537,43422.0
6521,0,6.17,True,False,False,False,590,40234.57
12592,0,1.23,True,False,False,False,770,15488.16
1383,0,5.69,False,False,False,True,878,7869.27
14740,0,1.25,True,False,False,False,678,18425.0
5818,1,1.22,False,False,True,False,884,7097.96
659,1,1.52,False,True,False,False,834,1001.6800000000001
7813,1,2.14,False,False,False,True,798,16719.82
7907,0,4.87,True,False,False,False,634,38507.090000000004
2797,1,5.13,False,False,False,True,904,14348.61
8703,1,0.61,False,False,False,True,991,5308.83
4112,1,5.44,True,False,False,False,926,22369.280000000002
11066,0,1.41,True,False,False,False,553,15603.06
10830,0,4.98,False,True,False,False,862,53933.4
14006,1,2.81,False,False,False,True,973,39356.86
5536,1,0.52,False,False,True,False,529,2878.7200000000003
6318,0,10.89,False,False,False,True,826,68803.02
10902,1,6.73,False,False,False,True,800,73370.46
1164,0,0.5,False,False,False,True,911,582.0
13264,1,0.78,False,False,False,True,697,10345.92
8794,0,1.63,True,False,False,False,817,14334.22
5275,0,1.45,False,True,False,False,614,7648.75
12377,0,0.51,False,True,False,False,572,6312.27
4856,1,1.14,False,False,True,False,584,5535.839999999999
10261,1,0.74,False,False,False,True,873,7593.14
13464,0,2.13,False,True,False,False,901,28678.32
12760,0,5.43,False,False,True,False,854,69286.8
3083,1,6.61,False,False,True,False,554,20378.63
6147,1,3.24,True,False,False,False,775,19916.280000000002
2847,1,1.32,False,False,True,False,569,3758.04
1411,0,2.98,False,False,False,True,778,4204.78
3597,1,2.74,False,False,True,False,691,9855.78
6119,0,2.35,False,False,False,True,568,14379.65
8090,0,3.18,False,False,True,False,937,25726.2
13643,1,1.3,True,False,False,False,645,17735.9
5784,1,1.97,False,False,True,False,727,11394.48
5974,0,2.51,True,False,False,False,831,14994.739999999998
8517,1,0.64,False,True,False,False,704,5450.88
3241,0,0.69,True,False,False,False,760,2236.29
8367,1,6.74,False,False,False,True,662,56393.58
7906,0,3.68,True,False,False,False,582,29094.08
12090,1,1.28,False,False,True,False,554,15475.2
9498,0,2.26,False,False,False,True,914,21465.48
2877,1,0.76,False,False,True,False,959,2186.52
1136,0,5.57,False,False,True,False,745,6327.52
13887,1,4.95,True,False,False,False,806,68740.65000000001
3851,1,0.38,False,False,True,False,658,1463.38
1070,1,0.95,False,True,False,False,829,1016.5
2275,0,9.14,False,True,False,False,626,20793.5
14257,1,0.34,False,False,True,False,866,4847.38
9237,0,0.01,False,False,True,False,975,92.37
2630,0,3.98,True,False,False,False,784,10467.4
4964,0,4.17,False,False,True,False,649,20699.88
1732,0,1.84,True,False,False,False,684,3186.88
13783,1,0.59,False,True,False,False,516,8131.969999999999
6000,0,6.38,False,True,False,False,992,38280.0
12553,1,2.98,False,True,False,False,645,37407.94
2380,1,6.92,False,False,False,True,601,16469.6
14784,1,5.01,False,False,True,False,583,74067.84
13674,0,2.15,False,False,False,True,988,29399.1
11901,1,8.74,True,False,False,False,806,104014.74
4239,1,3.93,False,False,False,True,904,16659.27
1693,1,1.46,True,False,False,False,989,2471.7799999999997
7294,0,4.74,True,False,False,False,762,34573.560000000005
10602,1,4.44,False,True,False,False,562,47072.880000000005
2778,1,0.26,False,False,True,False,960,722.28
8223,1,2.19,False,False,False,True,693,18008.37
13862,0,6.11,False,False,True,False,994,84696.82
13683,0,4.07,False,False,True,False,545,55689.810000000005
4241,0,2.6,False,False,True,False,909,11026.6
14623,1,6.42,False,True,False,False,858,93879.66
6012,0,4.63,False,True,False,False,837,27835.559999999998
10499,1,1.3,False,True,False,False,932,13648.7
14703,0,1.19,False,False,True,False,774,17496.57
9115,0,3.96,False,False,False,True,937,36095.4
4718,0,2.74,True,False,False,False,554,12927.320000000002
14837,1,0.32,True,False,False,False,826,4747.84
13164,1,1.14,False,False,False,True,540,15006.96
7223,1,5.09,False,False,True,False,628,36765.07
14721,0,6.76,False,True,False,False,850,99513.95999999999
10537,1,3.43,False,True,False,False,950,36141.91
4301,1,3.68,True,False,False,False,914,15827.68
9394,1,6.12,True,False,False,False,708,57491.28
4475,1,6.58,False,False,True,False,707,29445.5
7005,1,9.22,False,True,False,False,783,64586.100000000006
6636,1,2.83,True,False,False,False,754,18779.88
8635,1,4.97,False,False,True,False,943,42915.95
5478,1,3.61,False,True,False,False,835,19775.579999999998
14104,1,3.79,False,True,False,False,710,53454.16
10120,0,2.42,False,True,False,False,832,24490.399999999998
2003,1,1.25,True,False,False,False,903,2503.75
9532,0,0.07,True,False,False,False,598,667.24
5085,0,2.97,False,False,False,True,705,15102.45
6129,1,2.76,False,False,False,True,581,16916.039999999997
7232,1,3.59,False,True,False,False,840,25962.879999999997
6821,1,4.05,False,False,True,False,996,27625.05
4930,0,3.28,False,False,True,False,694,16170.4
1221,1,5.52,True,False,False,False,751,6739.919999999999
12571,1,6.57,False,False,True,False,812,82591.47
3376,0,0.29,False,False,True,False,784,979.04
11175,1,7.14,False,False,True,False,846,79789.5
4625,1,5.28,False,True,False,False,577,24420.0
6232,1,6.83,False,False,False,True,900,42564.56
4379,0,3.08,False,False,True,False,648,13487.32
11050,1,3.49,True,False,False,False,556,38564.5
12291,1,1.16,True,False,False,False,869,14257.56
9646,0,0.47,True,False,False,False,577,4533.62
11649,1,0.64,False,False,True,False,613,7455.360000000001
4949,1,1.48,False,False,False,True,908,7324.5199999999995
11142,1,0.29,False,False,False,True,526,3231.18
10305,0,0.1,True,False,False,False,584,1030.5
11886,0,9.11,False,False,False,True,941,108281.45999999999
12408,0,0.88,False,True,False,False,811,10919.04
11538,1,0.57,True,False,False,False,694,6576.66
3704,0,0.17,False,False,True,False,522,629.6800000000001
14162,1,7.21,False,False,True,False,665,102108.02
11783,0,2.64,False,False,True,False,944,31107.120000000003
7914,1,5.25,False,True,False,False,946,41548.5
4675,1,2.77,True,False,False,False,911,12949.75
2105,0,2.91,False,False,True,False,985,6125.55
10082,1,0.63,False,False,False,True,593,6351.66
12085,1,5.78,False,True,False,False,950,69851.3
4226,1,6.67,True,False,False,False,514,28187.42
7056,1,1.99,False,False,True,False,939,14041.44
6473,1,5.18,True,False,False,False,783,33530.14
5155,1,5.65,False,False,False,True,810,29125.750000000004
9534,1,3.17,True,False,False,False,611,30222.78
6620,0,0.05,False,True,False,False,858,331.0
2106,0,2.52,True,False,False,False,501,5307.12
1447,1,0.39,True,False,False,False,836,564.33
13910,1,2.53,True,False,False,False,510,35192.299999999996
13789,1,2.03,False,False,False,True,833,27991.67
5765,1,6.78,False,False,False,True,882,39086.700000000004
6885,0,2.57,True,False,False,False,617,17694.449999999997
13338,0,0.02,False,False,True,False,895,266.76
11871,1,4.08,True,False,False,False,754,48433.68
14900,0,4.75,False,False,True,False,763,70775.0
5508,0,0.8,True,False,False,False,600,4406.400000000001
2623,1,3.62,False,False,True,False,737,9495.26
12465,0,2.91,False,False,True,False,820,36273.15
8770,1,4.19,False,False,True,False,777,36746.3
12312,1,2.96,False,False,True,False,584,36443.52
2559,0,3.27,True,False,False,False,838,8367.93
9893,1,5.97,True,False,False,False,758,59061.21
3017,1,0.03,False,True,False,False,882,90.50999999999999
12799,1,1.17,True,False,False,False,508,14974.83
7279,1,4.1,False,True,False,False,821,29843.899999999998
6858,1,0.94,True,False,False,False,837,6446.5199999999995
6562,1,0.89,False,False,False,True,758,5840.18
4506,0,1.91,False,False,True,False,781,8606.46
765,0,4.59,True,False,False,False,996,3511.35
10779,0,5.74,False,False,True,False,914,61871.46
8506,1,9.23,False,True,False,False,931,78510.38
5263,1,0.6,True,False,False,False,742,3157.7999999999997
9582,1,2.17,False,True,False,False,594,20792.94
1770,1,2.64,False,True,False,False,999,4672.8
2166,1,1.56,False,True,False,False,550,3378.96
2925,0,2.98,False,False,False,True,739,8716.5
3557,0,4.16,True,False,False,False,983,14797.12
14654,0,2.26,False,False,False,True,601,33118.03999999999
8646,1,1.84,True,False,False,False,993,15908.640000000001
10022,1,5.54,True,False,False,False,638,55521.88
7241,1,5.83,False,False,True,False,711,42215.03
1825,1,1.74,False,True,False,False,779,3175.5
9554,0,0.43,False,False,True,False,900,4108.22
13131,1,2.95,False,False,False,True,674,38736.450000000004
10758,0,1.24,True,False,False,False,770,13339.92
11728,0,5.78,True,False,False,False,934,67787.84
6634,1,1.53,False,True,False,False,555,10150.02
10703,1,9.01,False,True,False,False,718,96434.03
2389,0,3.81,False,True,False,False,859,9102.09
3504,0,0.22,False,False,True,False,759,770.88
9808,1,1.23,False,False,True,False,995,12063.84
9606,1,1.86,True,False,False,False,542,17867.16
3915,1,0.32,False,False,True,False,860,1252.8
13918,1,0.9,False,False,False,True,753,12526.2
8846,1,2.89,False,False,False,True,970,25564.940000000002
11763,0,3.45,False,False,True,False,892,40582.35
10022,0,2.85,False,False,False,True,935,28562.7
10378,0,2.38,False,False,True,False,624,24699.64
13269,0,4.79,False,False,True,False,684,63558.51
2650,0,1.99,True,False,False,False,844,5273.5
3660,0,2.55,True,False,False,False,703,9333.0
14865,0,2.54,True,False,False,False,892,37757.1
4698,0,6.51,False,False,True,False,534,30583.98
3455,0,2.34,False,True,False,False,879,8084.7
9323,1,2.79,False,False,False,True,877,26011.170000000002
4776,1,0.97,False,True,False,False,735,4632.72
3418,0,0.63,True,False,False,False,615,2153.34
9349,1,3.33,False,True,False,False,732,31132.170000000002
14639,0,2.53,False,False,False,True,844,37036.67
14804,1,0.66,False,False,False,True,656,9770.640000000001
2525,0,3.14,False,False,True,False,869,7928.5
2396,1,8.01,False,True,False,False,572,19191.96
12551,0,5.32,True,False,False,False,892,66771.32
8797,1,0.64,True,False,False,False,674,5630.08
14342,1,1.29,False,False,False,True,650,18501.18
5776,1,1.0,False,False,False,True,724,5776.0
2451,0,0.35,False,True,False,False,803,857.8499999999999
14637,0,4.79,False,False,True,False,845,70111.23
9355,1,1.64,False,True,False,False,662,15342.199999999999
4643,1,0.37,False,True,False,False,534,1717.91
9457,1,2.37,False,False,False,True,692,22413.09
13130,0,0.46,False,False,False,True,844,6039.8
10498,1,4.09,False,True,False,False,956,42936.82
6596,1,2.48,True,False,False,False,947,16358.08
12139,0,4.75,False,False,True,False,865,57660.25
10377,0,0.75,False,False,False,True,630,7782.75
9069,0,5.8,False,False,False,True,770,52600.2
2737,0,6.17,True,False,False,False,844,16887.29
8308,0,0.32,False,True,False,False,999,2658.56
9641,0,1.88,False,False,True,False,723,18125.079999999998
2390,1,3.03,False,True,False,False,840,7241.7
12575,1,4.79,False,False,False,True,829,60234.25
13187,0,1.96,False,True,False,False,986,25846.52
7372,0,4.88,False,False,False,True,794,35975.36
12586,0,2.25,True,False,False,False,576,28318.5
14942,0,1.94,False,False,False,True,681,28987.48
986,1,0.6,False,False,False,True,903,591.6
5095,0,5.0,False,False,True,False,859,25475.0
8597,0,7.36,False,False,False,True,877,63273.920000000006
1270,0,9.82,False,False,True,False,559,12471.4
12571,1,0.92,True,False,False,False,730,11565.32
5758,0,1.88,True,False,False,False,966,10825.039999999999
7779,1,9.22,True,False,False,False,843,71722.38
13657,1,5.68,False,False,True,False,515,77571.76
11222,1,5.61,False,False,False,True,807,62955.420000000006
13082,0,3.96,True,False,False,False,571,51804.72
10122,0,1.03,True,False,False,False,686,10425.66
6661,1,1.12,False,False,False,True,844,7460.320000000001
11773,0,6.19,False,False,False,True,965,72874.87000000001
1968,1,0.7,False,True,False,False,691,1377.6
4078,0,0.01,False,True,False,False,531,40.78
5554,1,4.6,False,True,False,False,915,25548.399999999998
14679,1,6.49,False,True,False,False,740,95266.71
2572,1,2.28,False,False,False,True,591,5864.16
8621,0,3.18,True,False,False,False,521,27414.780000000002
13221,1,3.94,True,False,False,False,975,52090.74
11219,1,3.77,False,True,False,False,946,42295.63
11943,0,6.24,True,False,False,False,767,74524.32
2361,0,4.24,False,False,False,True,663,10010.640000000001
9296,1,3.44,False,True,False,False,737,31978.239999999998
8133,1,12.62,False,False,True,False,737,102638.45999999999
6050,0,3.45,False,True,False,False,638,20872.5
13015,1,0.32,False,False,False,True,975,4164.8
7876,1,5.83,False,False,True,False,719,45917.08
2461,1,4.12,False,True,False,False,946,10139.32
14421,0,0.01,False,False,False,True,515,144.21
11750,0,0.63,False,False,True,False,749,7402.5
6010,0,2.64,False,True,False,False,633,15866.400000000001
8337,0,1.23,False,True,False,False,510,10254.51
9249,1,2.86,True,False,False,False,869,26452.14
8899,1,3.98,False,False,False,True,920,35418.02
1367,1,3.51,False,True,False,False,897,4798.17
8685,1,2.76,True,False,False,False,717,23970.6
3510,0,3.19,False,True,False,False,758,11196.9
653,0,2.95,False,False,True,False,632,1926.3500000000001
13726,0,1.2,False,False,False,True,972,16471.2
14593,1,0.5,False,False,True,False,629,7296.5
12963,0,2.46,False,False,False,True,928,31888.98
1728,1,5.27,False,True,False,False,511,9106.56
9329,0,5.65,False,False,False,True,948,52708.850000000006
4197,0,4.5,False,False,True,False,633,18886.5
3643,0,0.13,False,False,True,False,638,473.59000000000003
